{
  "Buy & Hold SPY": {
    "name": "Buy & Hold SPY",
    "cum_ret": 0.4994445478163769,
    "ann_ret": 0.21463725210321027,
    "ann_vol": 0.15378785916072793,
    "sharpe": 1.0705477857724994,
    "mdd": -0.17025205634211327,
    "calmar": 1.2607028467950314,
    "avg_turnover": 0.009523809523809525,
    "total_turnover": 1.0,
    "avg_weight": {
      "SPY": 1.0,
      "QQQ": 0.0,
      "GLD": 0.0,
      "TLT": 0.0,
      "CASH": 0.0
    }
  },
  "60/40 SPY/Cash": {
    "name": "60/40 SPY/Cash",
    "cum_ret": 0.282997650075528,
    "ann_ret": 0.12706357235176502,
    "ann_vol": 0.09227271549643676,
    "sharpe": 0.8351718266570461,
    "mdd": -0.10438955962330909,
    "calmar": 1.2172057513248964,
    "avg_turnover": 0.005714285714285714,
    "total_turnover": 0.6,
    "avg_weight": {
      "SPY": 0.5999999999999999,
      "QQQ": 0.0,
      "GLD": 0.0,
      "TLT": 0.0,
      "CASH": 0.4
    }
  },
  "60/40 SPY/TLT": {
    "name": "60/40 SPY/TLT",
    "cum_ret": 0.30008006363741524,
    "ann_ret": 0.13424179762207156,
    "ann_vol": 0.10587115340305678,
    "sharpe": 0.7957011415693075,
    "mdd": -0.10639482887491147,
    "calmar": 1.2617323514839223,
    "avg_turnover": 0.009523809523809525,
    "total_turnover": 1.0,
    "avg_weight": {
      "SPY": 0.5999999999999999,
      "QQQ": 0.0,
      "GLD": 0.0,
      "TLT": 0.4,
      "CASH": 0.0
    }
  },
  "DL Regime SPY/Cash": {
    "name": "DL Regime SPY/Cash",
    "cum_ret": 0.21926269695630296,
    "ann_ret": 0.09983287678083741,
    "ann_vol": 0.06792401197861832,
    "sharpe": 0.7336562627738216,
    "mdd": -0.07414753687704789,
    "calmar": 1.346408538781014,
    "avg_turnover": 0.018564956528799876,
    "total_turnover": 1.9493204355239868,
    "avg_weight": {
      "SPY": 0.4937012845561618,
      "QQQ": 0.0,
      "GLD": 0.0,
      "TLT": 0.0,
      "CASH": 0.5062987162953332
    }
  },
  "Regime Momentum Tilt": {
    "name": "Regime Momentum Tilt",
    "cum_ret": 0.4313899099152374,
    "ann_ret": 0.18785605747006096,
    "ann_vol": 0.12819084063318967,
    "sharpe": 1.07539709381053,
    "mdd": -0.12890684314518008,
    "calmar": 1.4573008917648373,
    "avg_turnover": 0.0935509625974392,
    "total_turnover": 9.822851072731115,
    "avg_weight": {
      "SPY": 0.3181682138045299,
      "QQQ": 0.5106880732431315,
      "GLD": 0.023996875000011637,
      "TLT": 0.04456562500002161,
      "CASH": 0.10258121295230539
    }
  }
}