{
  "Buy & Hold": {
    "name": "Buy & Hold",
    "cum_ret": 0.4994445478163769,
    "ann_ret": 0.21463725210321027,
    "ann_vol": 0.15378785916072793,
    "sharpe": 1.0705477857724994,
    "mdd": -0.17025205634211327,
    "calmar": 1.2607028467950314
  },
  "EW 1/N": {
    "name": "EW 1/N",
    "cum_ret": 0.5086947671370632,
    "ann_ret": 0.21822824440598798,
    "ann_vol": 0.11971665879664295,
    "sharpe": 1.4052200094537335,
    "mdd": -0.08848201212880302,
    "calmar": 2.46635716294871
  },
  "60/40": {
    "name": "60/40",
    "cum_ret": 0.282997650075528,
    "ann_ret": 0.12706357235176502,
    "ann_vol": 0.09227271549643676,
    "sharpe": 0.8351718266570461,
    "mdd": -0.10438955962330909,
    "calmar": 1.2172057513248964
  },
  "Conv1D+LSTM SPY/Cash": {
    "name": "Conv1D+LSTM SPY/Cash",
    "cum_ret": 0.2192627047720006,
    "ann_ret": 0.0998328801649,
    "ann_vol": 0.06792401372990503,
    "sharpe": 0.7336562936792409,
    "mdd": -0.07414754077968422,
    "calmar": 1.3464085135545498
  },
  "Regime-MVO (ours)": {
    "name": "Regime-MVO (ours)",
    "cum_ret": 0.35317907539004634,
    "ann_ret": 0.1562467667063825,
    "ann_vol": 0.09669944957050998,
    "sharpe": 1.0987318663992076,
    "mdd": -0.07219582919486944,
    "calmar": 2.1642076619778763
  }
}