{
  "Buy & Hold SPY": {
    "name": "Buy & Hold SPY",
    "cum_ret": 0.4994445478163769,
    "ann_ret": 0.21463725210321027,
    "ann_vol": 0.15378785916072793,
    "sharpe": 1.0705477857724994,
    "mdd": -0.17025205634211327,
    "calmar": 1.2607028467950314,
    "avg_turnover": 0.009523809523809525,
    "total_turnover": 1.0,
    "avg_weight": {
      "SPY": 1.0,
      "QQQ": 0.0,
      "GLD": 0.0,
      "TLT": 0.0,
      "CASH": 0.0
    }
  },
  "60/40 SPY/Cash": {
    "name": "60/40 SPY/Cash",
    "cum_ret": 0.282997650075528,
    "ann_ret": 0.12706357235176502,
    "ann_vol": 0.09227271549643676,
    "sharpe": 0.8351718266570461,
    "mdd": -0.10438955962330909,
    "calmar": 1.2172057513248964,
    "avg_turnover": 0.005714285714285714,
    "total_turnover": 0.6,
    "avg_weight": {
      "SPY": 0.5999999999999999,
      "QQQ": 0.0,
      "GLD": 0.0,
      "TLT": 0.0,
      "CASH": 0.4
    }
  },
  "60/40 SPY/TLT": {
    "name": "60/40 SPY/TLT",
    "cum_ret": 0.30008006363741524,
    "ann_ret": 0.13424179762207156,
    "ann_vol": 0.10587115340305678,
    "sharpe": 0.7957011415693075,
    "mdd": -0.10639482887491147,
    "calmar": 1.2617323514839223,
    "avg_turnover": 0.009523809523809525,
    "total_turnover": 1.0,
    "avg_weight": {
      "SPY": 0.5999999999999999,
      "QQQ": 0.0,
      "GLD": 0.0,
      "TLT": 0.4,
      "CASH": 0.0
    }
  },
  "Current Conv1D+LSTM SPY/Cash": {
    "name": "Current Conv1D+LSTM SPY/Cash",
    "cum_ret": 0.2192627047720006,
    "ann_ret": 0.0998328801649,
    "ann_vol": 0.06792401372990503,
    "sharpe": 0.7336562936792409,
    "mdd": -0.07414754077968422,
    "calmar": 1.3464085135545498,
    "avg_turnover": 0.01856495425814674,
    "total_turnover": 1.9493201971054077,
    "avg_weight": {
      "SPY": 0.4937012873944782,
      "QQQ": 0.0,
      "GLD": 0.0,
      "TLT": 0.0,
      "CASH": 0.50629871402468
    }
  },
  "Regime Momentum Tilt": {
    "name": "Regime Momentum Tilt",
    "cum_ret": 0.431389914107142,
    "ann_ret": 0.18785605913983794,
    "ann_vol": 0.12819084088597194,
    "sharpe": 1.0753971047156434,
    "mdd": -0.12890684379898731,
    "calmar": 1.4573008973268626,
    "avg_turnover": 0.09355096128195103,
    "total_turnover": 9.822850934604858,
    "avg_weight": {
      "SPY": 0.31816821501273646,
      "QQQ": 0.5106880735176361,
      "GLD": 0.023996875000011637,
      "TLT": 0.04456562500002161,
      "CASH": 0.10258121146959426
    }
  }
}