{
  "Buy & Hold": {
    "name": "Buy & Hold",
    "cum_ret": 0.4994445478163769,
    "ann_ret": 0.21463725210321027,
    "ann_vol": 0.15378785916072793,
    "sharpe": 1.0705477857724994,
    "mdd": -0.17025205634211327,
    "calmar": 1.2607028467950314
  },
  "EW 1/N": {
    "name": "EW 1/N",
    "cum_ret": 0.5086947671370632,
    "ann_ret": 0.21822824440598798,
    "ann_vol": 0.11971665879664295,
    "sharpe": 1.4052200094537335,
    "mdd": -0.08848201212880302,
    "calmar": 2.46635716294871
  },
  "60/40": {
    "name": "60/40",
    "cum_ret": 0.282997650075528,
    "ann_ret": 0.12706357235176502,
    "ann_vol": 0.09227271549643676,
    "sharpe": 0.8351718266570461,
    "mdd": -0.10438955962330909,
    "calmar": 1.2172057513248964
  },
  "Regime-Agnostic MVO": {
    "name": "Regime-Agnostic MVO",
    "cum_ret": 0.5026838488922925,
    "ann_ret": 0.21589607606318562,
    "ann_vol": 0.15566911953235915,
    "sharpe": 1.0656967583651078,
    "mdd": -0.16532385035902364,
    "calmar": 1.3058979427005686
  },
  "DL Regime SPY/Cash": {
    "name": "DL Regime SPY/Cash",
    "cum_ret": 0.21926269695630296,
    "ann_ret": 0.09983287678083741,
    "ann_vol": 0.06792401197861832,
    "sharpe": 0.7336562627738216,
    "mdd": -0.07414753687704789,
    "calmar": 1.346408538781014
  },
  "Regime-MVO (ours)": {
    "name": "Regime-MVO (ours)",
    "cum_ret": 0.5422994946437616,
    "ann_ret": 0.23117838940080682,
    "ann_vol": 0.1208934841794994,
    "sharpe": 1.4986613267907642,
    "mdd": -0.0941813208274076,
    "calmar": 2.4546097609360755
  },
  "Oracle (HMM labels)": {
    "name": "Oracle (HMM labels)",
    "cum_ret": 0.7175168703394663,
    "ann_ret": 0.2964401892837485,
    "ann_vol": 0.12640091832679234,
    "sharpe": 1.9496708769679267,
    "mdd": -0.10163596811083764,
    "calmar": 2.916685842559889
  },
  "_config": {
    "max_weight": 0.5
  }
}