{
  "Buy & Hold": {
    "name": "Buy & Hold",
    "cum": -0.07819534025481756,
    "cum_ret": -0.07819534025481756,
    "ann_ret": -0.09750456685007258,
    "ann_vol": 0.23929744108933143,
    "sharpe": -0.6164067872126057,
    "mdd": -0.2047237394470317,
    "calmar": -0.4762738660080992
  },
  "60/40": {
    "name": "60/40",
    "cum": -0.042342974115591514,
    "cum_ret": -0.042342974115591514,
    "ann_ret": -0.05305534063673811,
    "ann_vol": 0.14357846465359886,
    "sharpe": -0.7177632166869322,
    "mdd": -0.12502262531511354,
    "calmar": -0.4243659137937207
  },
  "MA Crossover": {
    "name": "MA Crossover",
    "cum": -0.20475821427434693,
    "cum_ret": -0.20475821427434693,
    "ann_ret": -0.25074615256417576,
    "ann_vol": 0.12161959453049508,
    "sharpe": -2.472842914212859,
    "mdd": -0.20763560483213617,
    "calmar": -1.207625988649165
  },
  "EW (1/N)": {
    "name": "EW (1/N)",
    "cum": -0.14367779628671062,
    "cum_ret": -0.14367779628671062,
    "ann_ret": -0.1775246735214786,
    "ann_vol": 0.1732474097982064,
    "sharpe": -1.3132933634418706,
    "mdd": -0.2166114237532728,
    "calmar": -0.8195536063863592
  },
  "DL Regime SPY/Cash": {
    "name": "DL Regime SPY/Cash",
    "cum": -0.05090089239868223,
    "cum_ret": -0.05090089239868223,
    "ann_ret": -0.06370528503686046,
    "ann_vol": 0.10103213576234328,
    "sharpe": -1.1254368145233322,
    "mdd": -0.10459789656374885,
    "calmar": -0.6090493894208883
  },
  "Regime-MVO (ours)": {
    "name": "Regime-MVO (ours)",
    "cum": -0.16480528582186582,
    "cum_ret": -0.16480528582186582,
    "ann_ret": -0.20301059370881125,
    "ann_vol": 0.16011654416635498,
    "sharpe": -1.5801652166933036,
    "mdd": -0.22236049843169392,
    "calmar": -0.9129795765913581
  },
  "Regime Momentum Tilt": {
    "name": "Regime Momentum Tilt",
    "cum": -0.17830929979368126,
    "cum_ret": -0.17830929979368126,
    "ann_ret": -0.2192130456979603,
    "ann_vol": 0.1521030563391572,
    "sharpe": -1.7699384363301218,
    "mdd": -0.21319977757936137,
    "calmar": -1.0282048517445594
  }
}