{
  "Buy & Hold": {
    "name": "Buy & Hold",
    "cum_ret": 0.4994445478163769,
    "ann_ret": 0.21463725210321027,
    "ann_vol": 0.15378785916072793,
    "sharpe": 1.0705477857724994,
    "mdd": -0.17025205634211327,
    "calmar": 1.2607028467950314
  },
  "EW 1/N": {
    "name": "EW 1/N",
    "cum_ret": 0.5086947671370632,
    "ann_ret": 0.21822824440598798,
    "ann_vol": 0.11971665879664295,
    "sharpe": 1.4052200094537335,
    "mdd": -0.08848201212880302,
    "calmar": 2.46635716294871
  },
  "60/40": {
    "name": "60/40",
    "cum_ret": 0.282997650075528,
    "ann_ret": 0.12706357235176502,
    "ann_vol": 0.09227271549643676,
    "sharpe": 0.8351718266570461,
    "mdd": -0.10438955962330909,
    "calmar": 1.2172057513248964
  },
  "Regime-Agnostic MVO": {
    "name": "Regime-Agnostic MVO",
    "cum_ret": 0.46007846906835304,
    "ann_ret": 0.19922472619526221,
    "ann_vol": 0.14403326945017073,
    "sharpe": 1.036043455549605,
    "mdd": -0.15183309016007318,
    "calmar": 1.3121298261480776
  },
  "DL Regime SPY/Cash": {
    "name": "DL Regime SPY/Cash",
    "cum_ret": 0.21926269695630296,
    "ann_ret": 0.09983287678083741,
    "ann_vol": 0.06792401197861832,
    "sharpe": 0.7336562627738216,
    "mdd": -0.07414753687704789,
    "calmar": 1.346408538781014
  },
  "Regime-MVO (ours)": {
    "name": "Regime-MVO (ours)",
    "cum_ret": 0.5188637716243152,
    "ann_ret": 0.222162728500652,
    "ann_vol": 0.11818708771178912,
    "sharpe": 1.4566965971823234,
    "mdd": -0.09012651184389553,
    "calmar": 2.4650097286073938
  },
  "Oracle (HMM labels)": {
    "name": "Oracle (HMM labels)",
    "cum_ret": 0.6236545476490436,
    "ann_ret": 0.2619348785826996,
    "ann_vol": 0.11858554204168308,
    "sharpe": 1.7871898625568035,
    "mdd": -0.09760362081857976,
    "calmar": 2.683659441995187
  },
  "_config": {
    "max_weight": 0.4
  }
}