{
  "Buy & Hold": {
    "cum": -0.07819534025481756,
    "ann_ret": -0.09750456685007258,
    "ann_vol": 0.23929744108933143,
    "sharpe": -0.6164067872126057,
    "mdd": -0.2047237394470317,
    "calmar": -0.4762738660080992
  },
  "60/40": {
    "cum": -0.042342974115591514,
    "ann_ret": -0.05305534063673811,
    "ann_vol": 0.14357846465359886,
    "sharpe": -0.7177632166869322,
    "mdd": -0.12502262531511354,
    "calmar": -0.4243659137937207
  },
  "MA Crossover": {
    "cum": -0.20475821427434693,
    "ann_ret": -0.25074615256417576,
    "ann_vol": 0.12161959453049508,
    "sharpe": -2.472842914212859,
    "mdd": -0.20763560483213617,
    "calmar": -1.207625988649165
  },
  "Conv1D+LSTM (ours)": {
    "cum": -0.03336862319911316,
    "ann_ret": -0.041860556261819504,
    "ann_vol": 0.041744777748874716,
    "sharpe": -2.2005280951410917,
    "mdd": -0.04877214936378771,
    "calmar": -0.858288117457872
  }
}