{
  "Buy & Hold": {
    "name": "Buy & Hold",
    "cum_ret": 0.4994445478163769,
    "ann_ret": 0.21463725210321027,
    "ann_vol": 0.15378785916072793,
    "sharpe": 1.0705477857724994,
    "mdd": -0.17025205634211327,
    "calmar": 1.2607028467950314
  },
  "EW 1/N": {
    "name": "EW 1/N",
    "cum_ret": 0.5086947671370632,
    "ann_ret": 0.21822824440598798,
    "ann_vol": 0.11971665879664295,
    "sharpe": 1.4052200094537335,
    "mdd": -0.08848201212880302,
    "calmar": 2.46635716294871
  },
  "60/40": {
    "name": "60/40",
    "cum_ret": 0.282997650075528,
    "ann_ret": 0.12706357235176502,
    "ann_vol": 0.09227271549643676,
    "sharpe": 0.8351718266570461,
    "mdd": -0.10438955962330909,
    "calmar": 1.2172057513248964
  },
  "Regime-Agnostic MVO": {
    "name": "Regime-Agnostic MVO",
    "cum_ret": 0.6482928431341262,
    "ann_ret": 0.27109057652512947,
    "ann_vol": 0.19890456877564328,
    "sharpe": 1.1115409660323647,
    "mdd": -0.2077413910625795,
    "calmar": 1.3049425304149755
  },
  "DL Regime SPY/Cash": {
    "name": "DL Regime SPY/Cash",
    "cum_ret": 0.21926269695630296,
    "ann_ret": 0.09983287678083741,
    "ann_vol": 0.06792401197861832,
    "sharpe": 0.7336562627738216,
    "mdd": -0.07414753687704789,
    "calmar": 1.346408538781014
  },
  "Regime-MVO (ours)": {
    "name": "Regime-MVO (ours)",
    "cum_ret": 0.35317906981999636,
    "ann_ret": 0.15624676442185925,
    "ann_vol": 0.09669944930607897,
    "sharpe": 1.0987318457787751,
    "mdd": -0.07219582884247178,
    "calmar": 2.164207640898244
  },
  "Oracle (True Labels)": {
    "name": "Oracle (True Labels)",
    "cum_ret": 0.41578719607964243,
    "ann_ret": 0.18162325784134858,
    "ann_vol": 0.11380760082571502,
    "sharpe": 1.1565418907557543,
    "mdd": -0.06243035938829855,
    "calmar": 2.9092137162258687
  }
}