{
  "Buy & Hold": {
    "cum_ret": 0.4994445478163769,
    "ann_ret": 0.21463725210321027,
    "ann_vol": 0.15378785916072793,
    "sharpe": 1.0705477857724994,
    "mdd": -0.17025205634211327,
    "calmar": 1.2607028467950314
  },
  "60/40": {
    "cum_ret": 0.282997650075528,
    "ann_ret": 0.12706357235176502,
    "ann_vol": 0.09227271549643676,
    "sharpe": 0.8351718266570461,
    "mdd": -0.10438955962330909,
    "calmar": 1.2172057513248964
  },
  "80/20": {
    "cum_ret": 0.3884303642395355,
    "ann_ret": 0.1706082199694119,
    "ann_vol": 0.12303028732858237,
    "sharpe": 0.9803132430902826,
    "mdd": -0.13768951047487576,
    "calmar": 1.2390792833891497
  },
  "40/60": {
    "cum_ret": 0.1831453724172123,
    "ann_ret": 0.08407241225123574,
    "ann_vol": 0.061515143664291186,
    "sharpe": 0.5538865752664147,
    "mdd": -0.07034562313918025,
    "calmar": 1.1951335207436682
  },
  "Conv1D+LSTM (ours)": {
    "cum_ret": 0.2192627047720006,
    "ann_ret": 0.0998328801649,
    "ann_vol": 0.06792401372990503,
    "sharpe": 0.7336562936792409,
    "mdd": -0.07414754077968422,
    "calmar": 1.3464085135545498
  },
  "MA Crossover": {
    "cum_ret": 0.2911978101393955,
    "ann_ret": 0.13051553553378192,
    "ann_vol": 0.09803753891780582,
    "sharpe": 0.8212725086998128,
    "mdd": -0.10932214309564592,
    "calmar": 1.1938618457158667
  },
  "Vol Targeting": {
    "cum_ret": 0.3670997833232832,
    "ann_ret": 0.16194107102694844,
    "ann_vol": 0.12782742752291015,
    "sharpe": 0.8757202831675975,
    "mdd": -0.14596305140731647,
    "calmar": 1.1094661934344232
  }
}