{
  "Buy & Hold": {
    "name": "Buy & Hold",
    "cum": -0.07819534025481756,
    "cum_ret": -0.07819534025481756,
    "ann_ret": -0.09750456685007258,
    "ann_vol": 0.23929744108933143,
    "sharpe": -0.6164067872126057,
    "mdd": -0.2047237394470317,
    "calmar": -0.4762738660080992
  },
  "60/40": {
    "name": "60/40",
    "cum": -0.042342974115591514,
    "cum_ret": -0.042342974115591514,
    "ann_ret": -0.05305534063673811,
    "ann_vol": 0.14357846465359886,
    "sharpe": -0.7177632166869322,
    "mdd": -0.12502262531511354,
    "calmar": -0.4243659137937207
  },
  "MA Crossover": {
    "name": "MA Crossover",
    "cum": -0.20475821427434693,
    "cum_ret": -0.20475821427434693,
    "ann_ret": -0.25074615256417576,
    "ann_vol": 0.12161959453049508,
    "sharpe": -2.472842914212859,
    "mdd": -0.20763560483213617,
    "calmar": -1.207625988649165
  },
  "EW (1/N)": {
    "name": "EW (1/N)",
    "cum": -0.14367779628671062,
    "cum_ret": -0.14367779628671062,
    "ann_ret": -0.1775246735214786,
    "ann_vol": 0.1732474097982064,
    "sharpe": -1.3132933634418706,
    "mdd": -0.2166114237532728,
    "calmar": -0.8195536063863592
  },
  "Conv1D+LSTM (SPY/Cash)": {
    "name": "Conv1D+LSTM (SPY/Cash)",
    "cum": -0.05090089134009723,
    "cum_ret": -0.05090089134009723,
    "ann_ret": -0.06370528372103801,
    "ann_vol": 0.10103213611430613,
    "sharpe": -1.1254367975788782,
    "mdd": -0.10459789486629523,
    "calmar": -0.609049386724951
  },
  "Regime Momentum Tilt": {
    "name": "Regime Momentum Tilt",
    "cum": -0.17830929209320634,
    "cum_ret": -0.17830929209320634,
    "ann_ret": -0.2192130364783571,
    "ann_vol": 0.15210305754102885,
    "sharpe": -1.7699383617304245,
    "mdd": -0.2131997753974023,
    "calmar": -1.0282048190235948
  }
}