{
  "Logistic Regression": {
    "valid_classification": {
      "accuracy": 0.6857142857142857,
      "balanced_accuracy": 0.6519129782445612,
      "macro_f1": 0.6535346465353464,
      "non_bear_precision": 0.6933333333333334,
      "non_bear_recall": 0.8387096774193549,
      "non_bear_f1": 0.7591240875912408,
      "bear_precision": 0.6666666666666666,
      "bear_recall": 0.46511627906976744,
      "bear_f1": 0.547945205479452,
      "confusion_matrix": [
        [
          52,
          10
        ],
        [
          23,
          20
        ]
      ]
    },
    "test_classification": {
      "accuracy": 0.6761904761904762,
      "balanced_accuracy": 0.6260315078769693,
      "macro_f1": 0.6179366438356164,
      "non_bear_precision": 0.6666666666666666,
      "non_bear_recall": 0.9032258064516129,
      "non_bear_f1": 0.7671232876712328,
      "bear_precision": 0.7142857142857143,
      "bear_recall": 0.3488372093023256,
      "bear_f1": 0.46875,
      "confusion_matrix": [
        [
          56,
          6
        ],
        [
          28,
          15
        ]
      ]
    },
    "test_backtest": {
      "soft_spy_cash": {
        "name": "Soft SPY/Cash",
        "cum_ret": 0.2518966236605924,
        "ann_ret": 0.1138657873973572,
        "ann_vol": 0.10057415782534215,
        "sharpe": 0.6350119034381277,
        "mdd": -0.10007299623811905,
        "calmar": 1.1378273028462027
      },
      "hard_spy_cash": {
        "name": "Hard SPY/Cash p_bear>=0.50",
        "cum_ret": 0.24553246135413453,
        "ann_ret": 0.11114420173883932,
        "ann_vol": 0.09802924538840582,
        "sharpe": 0.6237342896660817,
        "mdd": -0.08056414829692093,
        "calmar": 1.3795739679294434
      }
    }
  },
  "Random Forest": {
    "valid_classification": {
      "accuracy": 0.8,
      "balanced_accuracy": 0.8235183795948988,
      "macro_f1": 0.7999274113056891,
      "non_bear_precision": 0.9555555555555556,
      "non_bear_recall": 0.6935483870967742,
      "non_bear_f1": 0.8037383177570094,
      "bear_precision": 0.6833333333333333,
      "bear_recall": 0.9534883720930233,
      "bear_f1": 0.7961165048543688,
      "confusion_matrix": [
        [
          43,
          19
        ],
        [
          2,
          41
        ]
      ]
    },
    "test_classification": {
      "accuracy": 0.7047619047619048,
      "balanced_accuracy": 0.6716054013503376,
      "macro_f1": 0.6745325467453255,
      "non_bear_precision": 0.7066666666666667,
      "non_bear_recall": 0.8548387096774194,
      "non_bear_f1": 0.7737226277372263,
      "bear_precision": 0.7,
      "bear_recall": 0.4883720930232558,
      "bear_f1": 0.5753424657534246,
      "confusion_matrix": [
        [
          53,
          9
        ],
        [
          22,
          21
        ]
      ]
    },
    "test_backtest": {
      "soft_spy_cash": {
        "name": "Soft SPY/Cash",
        "cum_ret": 0.21146956002121153,
        "ann_ret": 0.0964529567423118,
        "ann_vol": 0.06618809399096427,
        "sharpe": 0.7018325191333258,
        "mdd": -0.05992301830764535,
        "calmar": 1.609614459791084
      },
      "hard_spy_cash": {
        "name": "Hard SPY/Cash p_bear>=0.50",
        "cum_ret": 0.2721806706968277,
        "ann_ret": 0.12249242910693714,
        "ann_vol": 0.08170081205834365,
        "sharpe": 0.8872914146210605,
        "mdd": -0.05503407138072347,
        "calmar": 2.225756263961274
      }
    }
  },
  "_config": {
    "feature_mode": "summary(last, mean, std, min, max, recent5_mean)",
    "threshold": 0.5,
    "seed": 42
  }
}