{"train_loss": [1.1009252423145732, 1.0853895437522012, 1.0567509629687324, 1.025086570958622, 0.9856394529342651, 0.9677632959162603, 0.9639235031409342, 0.9564494705591046, 0.9240941981800267, 0.9321474980135434, 0.9192880704754689, 0.8919784710055492, 0.8873194905578113, 0.8801069816604989, 0.8659396894642564, 0.8679753776456489, 0.8607156745723037, 0.8798160064415853, 0.8577414614255311, 0.8460102130155094, 0.8475805462383833, 0.8019955158233643, 0.8246352144929229, 0.7949087482983949, 0.807435215496626, 0.8087958068144127, 0.793530143675257, 0.7967150113621696, 0.7972021278787832, 0.7800338659130159, 0.804016179725772], "val_loss": [1.088233877363659, 1.039748073759533, 0.956738981746492, 0.9091058628899711, 0.8799626679647536, 0.8653672524860927, 0.8912072204408191, 0.8670918487367176, 0.9192294120788574, 0.8907589276631673, 0.9160129041898818, 0.9309400501705352, 0.9348889521190098, 0.9726668340819222, 1.0580614600862777, 0.9882253238133022, 1.1028837442398072, 0.9982024482318334, 1.0907573824837093, 1.1186225073678153, 1.116320105961391, 1.1289829356329781, 1.072822002002171, 1.1616758528209867, 1.1606229475566319, 1.1182759852636428, 1.1614846343085878, 1.1633663393202283, 1.1432743748029073, 1.1532238880793253, 1.1916586575053987], "val_acc": [0.4095238095238095, 0.580952380952381, 0.7047619047619048, 0.7047619047619048, 0.7333333333333333, 0.7047619047619048, 0.6952380952380952, 0.6571428571428571, 0.6857142857142857, 0.638095238095238, 0.638095238095238, 0.6095238095238096, 0.638095238095238, 0.638095238095238, 0.5142857142857142, 0.6285714285714286, 0.45714285714285713, 0.6571428571428571, 0.5714285714285714, 0.5142857142857142, 0.5523809523809524, 0.5619047619047619, 0.580952380952381, 0.5523809523809524, 0.5333333333333333, 0.5904761904761905, 0.5714285714285714, 0.5904761904761905, 0.6095238095238096, 0.6, 0.5714285714285714]}