{"train_loss": [1.047903389227195, 0.9949355052142846, 0.966076066259478, 0.9606231411949533, 0.9439854431347768, 0.9468092659457785, 0.9418715238571167, 0.9285424517803504, 0.9315969846287712, 0.9331299608848134, 0.9201834661061646, 0.9189250420351498, 0.9100193117485672, 0.909568787598219, 0.8964619211486129, 0.882311224937439, 0.8797564247592551, 0.8748700320720673, 0.8664674157979059, 0.8723846405255989, 0.8767585954705223, 0.8577277005695906, 0.8657224124572316, 0.8570856393360701, 0.857546466784399, 0.8519994469939686, 0.8495993907334375], "val_loss": [0.9542672963369461, 0.900295238835471, 0.9561687390009562, 0.9007637665385292, 0.9110621020907448, 0.9327479981240772, 0.9257870702516465, 0.9588085288093203, 0.9093139557611375, 0.9279829042298453, 0.9778906248864674, 0.9438598167328608, 1.0333826604343597, 0.9682382027308146, 0.9763189440681821, 1.0088113733700343, 0.9821471861430577, 1.0163191318511964, 1.1000765340668814, 1.031603671823229, 0.9717460286049616, 1.0799328559920902, 1.0471710114252, 1.064783690089271, 1.0256343478248233, 1.0636297498430525, 1.0942109017145065], "val_acc": [0.5857142857142857, 0.5976190476190476, 0.5571428571428572, 0.5976190476190476, 0.5880952380952381, 0.5785714285714286, 0.5928571428571429, 0.5666666666666667, 0.6190476190476191, 0.6214285714285714, 0.569047619047619, 0.6166666666666667, 0.5476190476190477, 0.5761904761904761, 0.5761904761904761, 0.5523809523809524, 0.5714285714285714, 0.55, 0.5190476190476191, 0.5666666666666667, 0.5880952380952381, 0.5142857142857142, 0.5642857142857143, 0.55, 0.5714285714285714, 0.5547619047619048, 0.5261904761904762]}