{"train_loss": [1.1028592527889816, 1.0998425385991082, 1.091292221038068, 1.0766072312339408, 1.0532346768457381, 1.0167022650359108, 0.9772956605817451, 0.9204088371308123, 0.8886684218391043, 0.8611014182450342, 0.8381166692639961, 0.8155425239781864, 0.7994081348669334, 0.7927003952323414, 0.7603742411879243, 0.7503663066957817, 0.7361206832479258, 0.7072392223311252, 0.7208238625135578, 0.7056329484845771, 0.6794294402247569, 0.6645897275111714, 0.6608688186426632, 0.6781915621679337, 0.6672527672814541, 0.6214985183027925, 0.618813557702987, 0.6198289970882603, 0.5881227381893845, 0.5904430463665822, 0.6138145503450613, 0.5921667091182021, 0.558196593503483, 0.5497638211875665, 0.5298161662992884, 0.537487446284685, 0.5089332373415838, 0.5262800611433436, 0.5344503688030555, 0.5338158372972832, 0.5048615600241989, 0.503208800417478, 0.4985050432017592, 0.4954371579357835, 0.4932171096567248, 0.4805408071299068, 0.4923362126115893, 0.4839596709267038, 0.48396071547367536, 0.48568723827111915, 0.49177661293842756, 0.501232418857637, 0.46179090122707556, 0.482344316654518, 0.48405619136622696, 0.48325081633739786, 0.4705951634000559], "val_loss": [1.1107881523313976, 1.1055824722562517, 1.0928585756392706, 1.0565693991524832, 1.005086020060948, 0.9446217440423511, 0.9429524467104957, 0.9820440979230971, 0.9875380595525106, 0.9744859451339358, 0.9938781062761942, 1.0020450257119677, 1.013155061858041, 1.0472757770901635, 1.0911539986020042, 1.0159448924518766, 1.0822585406757537, 1.0998908156440372, 1.1159375820841109, 1.0757162826401847, 1.0925642093022665, 1.0733008657182965, 1.1250074749901182, 1.1776741181101118, 1.117575320175716, 1.1585463501158215, 1.229026742776235, 1.1889777563867114, 1.2818361963544573, 1.2708184679349264, 1.203024455479213, 1.2620008951141721, 1.229315666357676, 1.2629111840611413, 1.2551381383623397, 1.2726183221453713, 1.2819022127560207, 1.3318309295745123, 1.2860237325940813, 1.3767601910091583, 1.3705778468222845, 1.3274902888706752, 1.3438821014903841, 1.3601642665408906, 1.3475869610196067, 1.3802165144965761, 1.441795017038073, 1.3906449544997441, 1.4200073855263846, 1.4017282610847837, 1.5052440234592983, 1.352080312229338, 1.4215216960225787, 1.50938321522304, 1.4834538380304971, 1.4662415549868628, 1.4208146282604763], "val_acc": [0.18095238095238095, 0.18095238095238095, 0.21904761904761905, 0.4, 0.41904761904761906, 0.6666666666666666, 0.6857142857142857, 0.5714285714285714, 0.47619047619047616, 0.49523809523809526, 0.4666666666666667, 0.47619047619047616, 0.49523809523809526, 0.45714285714285713, 0.4380952380952381, 0.5047619047619047, 0.4380952380952381, 0.49523809523809526, 0.4666666666666667, 0.5333333333333333, 0.49523809523809526, 0.5428571428571428, 0.5333333333333333, 0.4857142857142857, 0.5142857142857142, 0.5238095238095238, 0.4857142857142857, 0.5714285714285714, 0.49523809523809526, 0.5238095238095238, 0.5333333333333333, 0.5142857142857142, 0.5142857142857142, 0.5142857142857142, 0.5047619047619047, 0.5238095238095238, 0.5142857142857142, 0.5238095238095238, 0.5238095238095238, 0.5142857142857142, 0.5142857142857142, 0.5142857142857142, 0.5142857142857142, 0.5142857142857142, 0.5047619047619047, 0.49523809523809526, 0.4857142857142857, 0.5047619047619047, 0.5047619047619047, 0.5238095238095238, 0.44761904761904764, 0.5523809523809524, 0.49523809523809526, 0.49523809523809526, 0.49523809523809526, 0.5047619047619047, 0.5047619047619047]}